Line,Source,Target
Orange Line,74,64
Orange Line,64,110
Orange Line,110,8
Orange Line,8,100
Orange Line,100,34
Orange Line,34,72
Orange Line,72,53
Orange Line,53,97
Orange Line,97,39
Orange Line,39,31
Orange Line,31,105
Orange Line,105,10
Orange Line,10,65
Orange Line,65,88
Orange Line,88,87
Orange Line,87,56
Orange Line,56,98
Orange Line,98,48
Orange Line,48,46
Blue Line,112,84
Blue Line,84,12
Blue Line,12,99
Blue Line,99,75
Blue Line,75,113
Blue Line,113,1
Blue Line,1,66
Blue Line,66,5
Blue Line,5,97
Blue Line,97,47
Blue Line,47,19
Red Line,2,37
Red Line,37,79
Red Line,79,50
Red Line,50,27
Red Line,27,58
Red Line,58,28
Red Line,28,77
Red Line,77,39
Red Line,39,95
Red Line,95,24
Red Line,24,4
Red Line,4,57
Red Line,57,92
Red Line,92,45
Red Line,45,94
Red Line,94,7
Red Line,2,37
Red Line,37,79
Red Line,79,50
Red Line,50,27
Red Line,27,58
Red Line,58,28
Red Line,28,77
Red Line,77,39
Red Line,39,95
Red Line,95,24
Red Line,24,4
Red Line,4,57
Red Line,57,71
Red Line,71,111
Red Line,111,82
Red Line,82,81
Red Line,81,21
Green Line,15,96
Green Line,96,30
Green Line,30,32
Green Line,32,102
Green Line,102,109
Green Line,109,107
Green Line,107,3
Green Line,3,49
Green Line,49,51
Green Line,51,76
Green Line,76,9
Green Line,9,78
Green Line,78,90
Green Line,90,18
Green Line,18,16
Green Line,16,17
Green Line,17,14
Green Line,14,59
Green Line,59,55
Green Line,55,36
Green Line,36,6
Green Line,6,20
Green Line,20,77
Green Line,33,41
Green Line,41,38
Green Line,38,104
Green Line,104,108
Green Line,108,42
Green Line,42,22
Green Line,22,101
Green Line,101,35
Green Line,35,91
Green Line,91,60
Green Line,60,52
Green Line,52,89
Green Line,89,59
Green Line,59,55
Green Line,55,36
Green Line,36,6
Green Line,6,20
Green Line,20,77
Green Line,77,47
Green Line,47,53
Green Line,53,72
Green Line,85,114
Green Line,114,106
Green Line,106,40
Green Line,40,70
Green Line,70,69
Green Line,69,29
Green Line,29,83
Green Line,83,13
Green Line,13,25
Green Line,25,26
Green Line,26,62
Green Line,62,43
Green Line,43,59
Green Line,59,55
Green Line,55,36
Green Line,36,6
Green Line,6,20
Green Line,20,77
Green Line,77,47
Green Line,54,11
Green Line,11,86
Green Line,86,67
Green Line,67,44
Green Line,44,23
Green Line,23,63
Green Line,63,68
Green Line,68,73
Green Line,73,103
Green Line,103,80
Green Line,80,36
Green Line,36,6
Green Line,6,20
Green Line,20,77
Green Line,77,47
Green Line,47,53
Green Line,53,72
Green Line,72,93
Green Line,93,61